[{"model": "puzzles.menu", "pk": 1, "fields": {"name": "index", "menuVersion": 2020072600}}, {"model": "puzzles.category", "pk": 1, "fields": {"name": "Online", "menu": 1}}, {"model": "puzzles.level", "pk": 1, "fields": {"levelVersion": 1, "category": null}}, {"model": "puzzles.level", "pk": 2, "fields": {"levelVersion": 1, "category": null}}, {"model": "puzzles.level", "pk": 3, "fields": {"levelVersion": 1, "category": 1}}, {"model": "puzzles.level", "pk": 4, "fields": {"levelVersion": 1, "category": 1}}, {"model": "puzzles.level", "pk": 5, "fields": {"levelVersion": 1, "category": 1}}, {"model": "puzzles.puzzle", "pk": 1, "fields": {"name": "Test Puzzle 2", "line_length": 13, "init": "", "winText": "", "type": "Decode", "encoding": "AlphaLengthA1", "level": 1}}, {"model": "puzzles.puzzle", "pk": 2, "fields": {"name": "Test Puzzle 3", "line_length": 13, "init": "00", "winText": "11", "type": "Decode", "encoding": "AlphaLengthA1", "level": 1}}, {"model": "puzzles.puzzle", "pk": 3, "fields": {"name": "Test Puzzle 4", "line_length": 13, "init": "", "winText": "WIN", "type": "Encode", "encoding": "AlphaLengthA1", "level": 1}}, {"model": "puzzles.puzzle", "pk": 4, "fields": {"name": "Black Lives Matter", "line_length": 13, "init": "BLACK LIVES", "winText": "BLACK LIVES MATTER", "type": "Encode", "encoding": "5bA1", "level": 3}}, {"model": "puzzles.puzzle", "pk": 5, "fields": {"name": "Charlie's Level", "line_length": 13, "init": "", "winText": "CHARLIE", "type": "Decode", "encoding": "AlphaLengthA1", "level": 4}}, {"model": "puzzles.puzzle", "pk": 6, "fields": {"name": "When", "line_length": 13, "init": "", "winText": "", "type": "Decode", "encoding": "AlphaLengthA1", "level": 5}}, {"model": "puzzles.puzzle", "pk": 7, "fields": {"name": "Who", "line_length": 13, "init": "", "winText": "", "type": "Decode", "encoding": "AlphaLengthA1", "level": 5}}, {"model": "puzzles.puzzle", "pk": 8, "fields": {"name": "Day for What", "line_length": 13, "init": "", "winText": "", "type": "Decode", "encoding": "AlphaLengthA1", "level": 5}}, {"model": "puzzles.puzzle", "pk": 9, "fields": {"name": "Excited", "line_length": 13, "init": "", "winText": "", "type": "Decode", "encoding": "AlphaLengthA1", "level": 5}}, {"model": "puzzles.puzzle", "pk": 10, "fields": {"name": "How", "line_length": 13, "init": "", "winText": "", "type": "Decode", "encoding": "AlphaLengthA1", "level": 5}}, {"model": "puzzles.puzzle", "pk": 11, "fields": {"name": "Then What", "line_length": 13, "init": "", "winText": "", "type": "Decode", "encoding": "AlphaLengthA1", "level": 5}}, {"model": "puzzles.puzzle", "pk": 12, "fields": {"name": "Content 1", "line_length": 13, "init": "", "winText": "", "type": "Decode", "encoding": "AlphaLengthA1", "level": 5}}, {"model": "puzzles.puzzle", "pk": 13, "fields": {"name": "Content 2", "line_length": 13, "init": "", "winText": "", "type": "Decode", "encoding": "AlphaLengthA1", "level": 5}}, {"model": "puzzles.puzzle", "pk": 14, "fields": {"name": "Content 3", "line_length": 13, "init": "", "winText": "", "type": "Decode", "encoding": "AlphaLengthA1", "level": 5}}, {"model": "puzzles.puzzle", "pk": 15, "fields": {"name": "Content 4", "line_length": 13, "init": "", "winText": "", "type": "Decode", "encoding": "AlphaLengthA1", "level": 5}}, {"model": "puzzles.puzzle", "pk": 16, "fields": {"name": "Content 5", "line_length": 13, "init": "", "winText": "", "type": "Decode", "encoding": "AlphaLengthA1", "level": 5}}, {"model": "puzzles.puzzle", "pk": 17, "fields": {"name": "Plastic Cards", "line_length": 13, "init": "", "winText": "", "type": "Decode", "encoding": "AlphaLengthA1", "level": 5}}, {"model": "puzzles.puzzle", "pk": 18, "fields": {"name": "In Other Words", "line_length": 13, "init": "", "winText": "", "type": "Decode", "encoding": "AlphaLengthA1", "level": 5}}, {"model": "puzzles.puzzle", "pk": 19, "fields": {"name": "What for?", "line_length": 13, "init": "", "winText": "", "type": "Decode", "encoding": "AlphaLengthA1", "level": 5}}, {"model": "puzzles.puzzle", "pk": 20, "fields": {"name": "Playos 1", "line_length": 13, "init": "", "winText": "", "type": "Decode", "encoding": "AlphaLengthA1", "level": 5}}, {"model": "puzzles.puzzle", "pk": 21, "fields": {"name": "Playos 2", "line_length": 13, "init": "", "winText": "", "type": "Decode", "encoding": "AlphaLengthA1", "level": 5}}, {"model": "puzzles.puzzle", "pk": 22, "fields": {"name": "Playos 3", "line_length": 13, "init": "", "winText": "", "type": "Decode", "encoding": "AlphaLengthA1", "level": 5}}, {"model": "puzzles.puzzle", "pk": 23, "fields": {"name": "Playos 4", "line_length": 13, "init": "", "winText": "", "type": "Decode", "encoding": "AlphaLengthA1", "level": 5}}, {"model": "puzzles.puzzle", "pk": 24, "fields": {"name": "Thin Bags", "line_length": 13, "init": "", "winText": "", "type": "Decode", "encoding": "AlphaLengthA1", "level": 5}}, {"model": "puzzles.puzzle", "pk": 25, "fields": {"name": "Protectos 1", "line_length": 13, "init": "", "winText": "", "type": "Decode", "encoding": "AlphaLengthA1", "level": 5}}, {"model": "puzzles.puzzle", "pk": 26, "fields": {"name": "Protectos 2", "line_length": 13, "init": "", "winText": "", "type": "Decode", "encoding": "AlphaLengthA1", "level": 5}}, {"model": "puzzles.puzzle", "pk": 27, "fields": {"name": "Contemplatos", "line_length": 13, "init": "", "winText": "", "type": "Decode", "encoding": "AlphaLengthA1", "level": 5}}, {"model": "puzzles.puzzle", "pk": 28, "fields": {"name": "The End", "line_length": 13, "init": "", "winText": "", "type": "Decode", "encoding": "AlphaLengthA1", "level": 5}}, {"model": "puzzles.clueline", "pk": 1, "fields": {"text": "THIS", "clue_in": 1}}, {"model": "puzzles.clueline", "pk": 2, "fields": {"text": "IS", "clue_in": 1}}, {"model": "puzzles.clueline", "pk": 3, "fields": {"text": "A", "clue_in": 1}}, {"model": "puzzles.clueline", "pk": 4, "fields": {"text": "TEST", "clue_in": 1}}, {"model": "puzzles.clueline", "pk": 5, "fields": {"text": "CLUE", "clue_in": 1}}, {"model": "puzzles.clueline", "pk": 6, "fields": {"text": "ANOTHER", "clue_in": 2}}, {"model": "puzzles.clueline", "pk": 7, "fields": {"text": "TEST", "clue_in": 2}}, {"model": "puzzles.clueline", "pk": 8, "fields": {"text": "PUZZLE", "clue_in": 2}}, {"model": "puzzles.clueline", "pk": 9, "fields": {"text": "THIS IS", "clue_in": 3}}, {"model": "puzzles.clueline", "pk": 10, "fields": {"text": "THE CLUE", "clue_in": 3}}, {"model": "puzzles.clueline", "pk": 11, "fields": {"text": "YES ALL LIVES", "clue_in": 4}}, {"model": "puzzles.clueline", "pk": 12, "fields": {"text": "MATTER.", "clue_in": 4}}, {"model": "puzzles.clueline", "pk": 13, "fields": {"text": "BUT SOMETIMES", "clue_in": 4}}, {"model": "puzzles.clueline", "pk": 14, "fields": {"text": "IT SEEMS LIKE", "clue_in": 4}}, {"model": "puzzles.clueline", "pk": 15, "fields": {"text": "SOME LIVES", "clue_in": 4}}, {"model": "puzzles.clueline", "pk": 16, "fields": {"text": "MATTER MORE", "clue_in": 4}}, {"model": "puzzles.clueline", "pk": 17, "fields": {"text": "THAN OTHERS.", "clue_in": 4}}, {"model": "puzzles.clueline", "pk": 18, "fields": {"text": "AND THAT", "clue_in": 4}}, {"model": "puzzles.clueline", "pk": 19, "fields": {"text": "IS WHY", "clue_in": 4}}, {"model": "puzzles.clueline", "pk": 20, "fields": {"text": "WE SAY...", "clue_in": 4}}, {"model": "puzzles.clueline", "pk": 21, "fields": {"text": "THE ANSWER", "clue_in": 5}}, {"model": "puzzles.clueline", "pk": 22, "fields": {"text": "IS", "clue_in": 5}}, {"model": "puzzles.clueline", "pk": 23, "fields": {"text": "YOUR NAME", "clue_in": 5}}, {"model": "puzzles.clueline", "pk": 24, "fields": {"text": "AT THE START", "clue_in": 6}}, {"model": "puzzles.clueline", "pk": 25, "fields": {"text": "OF CLASS", "clue_in": 6}}, {"model": "puzzles.clueline", "pk": 26, "fields": {"text": "TODAY", "clue_in": 6}}, {"model": "puzzles.clueline", "pk": 27, "fields": {"text": "MRS. BRIGGS", "clue_in": 7}}, {"model": "puzzles.clueline", "pk": 28, "fields": {"text": "ANNOUNCEOS,", "clue_in": 7}}, {"model": "puzzles.clueline", "pk": 29, "fields": {"text": ".OKAY KIDS.", "clue_in": 7}}, {"model": "puzzles.clueline", "pk": 30, "fields": {"text": "TODAY'S THE", "clue_in": 7}}, {"model": "puzzles.clueline", "pk": 31, "fields": {"text": "DAY!", "clue_in": 7}}, {"model": "puzzles.clueline", "pk": 32, "fields": {"text": ".YOU FINALLY", "clue_in": 8}}, {"model": "puzzles.clueline", "pk": 33, "fields": {"text": "GET YOUR DATA", "clue_in": 8}}, {"model": "puzzles.clueline", "pk": 34, "fields": {"text": "EXPLORERS!.", "clue_in": 8}}, {"model": "puzzles.clueline", "pk": 35, "fields": {"text": "ALL OF US", "clue_in": 9}}, {"model": "puzzles.clueline", "pk": 36, "fields": {"text": "WERE TOO", "clue_in": 9}}, {"model": "puzzles.clueline", "pk": 37, "fields": {"text": "NERVOUS FOR", "clue_in": 9}}, {"model": "puzzles.clueline", "pk": 38, "fields": {"text": "CHEEROS.", "clue_in": 9}}, {"model": "puzzles.clueline", "pk": 39, "fields": {"text": "MRS. BRIGGS", "clue_in": 10}}, {"model": "puzzles.clueline", "pk": 40, "fields": {"text": "ROLLED OUT", "clue_in": 10}}, {"model": "puzzles.clueline", "pk": 41, "fields": {"text": "THE CART FULL", "clue_in": 10}}, {"model": "puzzles.clueline", "pk": 42, "fields": {"text": "OF DEVICES.", "clue_in": 10}}, {"model": "puzzles.clueline", "pk": 43, "fields": {"text": "WITHOUT ANY", "clue_in": 11}}, {"model": "puzzles.clueline", "pk": 44, "fields": {"text": "CEREMONY SHE", "clue_in": 11}}, {"model": "puzzles.clueline", "pk": 45, "fields": {"text": "ROLLS THE", "clue_in": 11}}, {"model": "puzzles.clueline", "pk": 46, "fields": {"text": "CART TO EACH", "clue_in": 11}}, {"model": "puzzles.clueline", "pk": 47, "fields": {"text": "DESK AND", "clue_in": 11}}, {"model": "puzzles.clueline", "pk": 48, "fields": {"text": "SETTOS:", "clue_in": 11}}, {"model": "puzzles.clueline", "pk": 49, "fields": {"text": "A DEVICE,", "clue_in": 12}}, {"model": "puzzles.clueline", "pk": 50, "fields": {"text": "A BAG,", "clue_in": 13}}, {"model": "puzzles.clueline", "pk": 51, "fields": {"text": "AA BATTERIES", "clue_in": 14}}, {"model": "puzzles.clueline", "pk": 52, "fields": {"text": "A SHRINK-", "clue_in": 15}}, {"model": "puzzles.clueline", "pk": 53, "fields": {"text": "WRAPPED BRICK", "clue_in": 15}}, {"model": "puzzles.clueline", "pk": 54, "fields": {"text": "OF SEVENTY", "clue_in": 15}}, {"model": "puzzles.clueline", "pk": 55, "fields": {"text": "PRE-PRINTED", "clue_in": 15}}, {"model": "puzzles.clueline", "pk": 56, "fields": {"text": "PAPER CARDS", "clue_in": 15}}, {"model": "puzzles.clueline", "pk": 57, "fields": {"text": "WITH MAGNETIC", "clue_in": 15}}, {"model": "puzzles.clueline", "pk": 58, "fields": {"text": "STRIPES ON", "clue_in": 15}}, {"model": "puzzles.clueline", "pk": 59, "fields": {"text": "THEM", "clue_in": 15}}, {"model": "puzzles.clueline", "pk": 60, "fields": {"text": "AND LAST OF", "clue_in": 16}}, {"model": "puzzles.clueline", "pk": 61, "fields": {"text": "ALL, A FEW", "clue_in": 16}}, {"model": "puzzles.clueline", "pk": 62, "fields": {"text": "PLASTIC CARDS", "clue_in": 16}}, {"model": "puzzles.clueline", "pk": 63, "fields": {"text": "MEANT FOR", "clue_in": 16}}, {"model": "puzzles.clueline", "pk": 64, "fields": {"text": "MULTIPLE", "clue_in": 16}}, {"model": "puzzles.clueline", "pk": 65, "fields": {"text": "RE-USES.", "clue_in": 16}}, {"model": "puzzles.clueline", "pk": 66, "fields": {"text": "THE PLASTIC", "clue_in": 17}}, {"model": "puzzles.clueline", "pk": 67, "fields": {"text": "CARDS LOOK", "clue_in": 17}}, {"model": "puzzles.clueline", "pk": 68, "fields": {"text": "JUST LIKE", "clue_in": 17}}, {"model": "puzzles.clueline", "pk": 69, "fields": {"text": "GIFT CARDS OR", "clue_in": 17}}, {"model": "puzzles.clueline", "pk": 70, "fields": {"text": "FREQUEST-", "clue_in": 17}}, {"model": "puzzles.clueline", "pk": 71, "fields": {"text": "DINER CARDS", "clue_in": 17}}, {"model": "puzzles.clueline", "pk": 72, "fields": {"text": "FROM THE FAST", "clue_in": 17}}, {"model": "puzzles.clueline", "pk": 73, "fields": {"text": "FOOD STATION.", "clue_in": 17}}, {"model": "puzzles.clueline", "pk": 74, "fields": {"text": "IN OTHER", "clue_in": 18}}, {"model": "puzzles.clueline", "pk": 75, "fields": {"text": "WORDS, THEY", "clue_in": 18}}, {"model": "puzzles.clueline", "pk": 76, "fields": {"text": "LOOK LIKE", "clue_in": 18}}, {"model": "puzzles.clueline", "pk": 77, "fields": {"text": "CREDIT CARDS", "clue_in": 18}}, {"model": "puzzles.clueline", "pk": 78, "fields": {"text": "WITHOUT ANY", "clue_in": 18}}, {"model": "puzzles.clueline", "pk": 79, "fields": {"text": "NUMBERS", "clue_in": 18}}, {"model": "puzzles.clueline", "pk": 80, "fields": {"text": "STAMPOS.", "clue_in": 18}}, {"model": "puzzles.clueline", "pk": 81, "fields": {"text": "WE'RE", "clue_in": 19}}, {"model": "puzzles.clueline", "pk": 82, "fields": {"text": "SUPPOSED TO", "clue_in": 19}}, {"model": "puzzles.clueline", "pk": 83, "fields": {"text": "USEOS TO", "clue_in": 19}}, {"model": "puzzles.clueline", "pk": 84, "fields": {"text": "HAND IN", "clue_in": 19}}, {"model": "puzzles.clueline", "pk": 85, "fields": {"text": "HOMEWORK", "clue_in": 19}}, {"model": "puzzles.clueline", "pk": 86, "fields": {"text": "AND STUFF,", "clue_in": 19}}, {"model": "puzzles.clueline", "pk": 87, "fields": {"text": "BUT WE OFTEN", "clue_in": 19}}, {"model": "puzzles.clueline", "pk": 88, "fields": {"text": "USEOS FOR", "clue_in": 19}}, {"model": "puzzles.clueline", "pk": 89, "fields": {"text": "TRADEOS AND", "clue_in": 19}}, {"model": "puzzles.clueline", "pk": 90, "fields": {"text": "PLAYOS.", "clue_in": 19}}, {"model": "puzzles.clueline", "pk": 91, "fields": {"text": "MY FAVORITE", "clue_in": 20}}, {"model": "puzzles.clueline", "pk": 92, "fields": {"text": "IS .SECRET", "clue_in": 20}}, {"model": "puzzles.clueline", "pk": 93, "fields": {"text": "TOKEN. WHERE", "clue_in": 20}}, {"model": "puzzles.clueline", "pk": 94, "fields": {"text": "ONE OF US", "clue_in": 20}}, {"model": "puzzles.clueline", "pk": 95, "fields": {"text": "ENCODES A", "clue_in": 20}}, {"model": "puzzles.clueline", "pk": 96, "fields": {"text": "SECRET NUMBER", "clue_in": 20}}, {"model": "puzzles.clueline", "pk": 97, "fields": {"text": "ON THEIR", "clue_in": 20}}, {"model": "puzzles.clueline", "pk": 98, "fields": {"text": "CARD.", "clue_in": 20}}, {"model": "puzzles.clueline", "pk": 99, "fields": {"text": "THE OTHER", "clue_in": 21}}, {"model": "puzzles.clueline", "pk": 100, "fields": {"text": "PLAYERS PUT", "clue_in": 21}}, {"model": "puzzles.clueline", "pk": 101, "fields": {"text": "WHATEVER THEY", "clue_in": 21}}, {"model": "puzzles.clueline", "pk": 102, "fields": {"text": "THINK WILL", "clue_in": 21}}, {"model": "puzzles.clueline", "pk": 103, "fields": {"text": "TRICKOS.", "clue_in": 21}}, {"model": "puzzles.clueline", "pk": 104, "fields": {"text": "THEN WE SWAP", "clue_in": 22}}, {"model": "puzzles.clueline", "pk": 105, "fields": {"text": "CARDS AND TRY", "clue_in": 22}}, {"model": "puzzles.clueline", "pk": 106, "fields": {"text": "TO FIGURE OUT", "clue_in": 22}}, {"model": "puzzles.clueline", "pk": 107, "fields": {"text": "WHO HAS THE", "clue_in": 22}}, {"model": "puzzles.clueline", "pk": 108, "fields": {"text": "SECRET TOKEN.", "clue_in": 22}}, {"model": "puzzles.clueline", "pk": 109, "fields": {"text": "IT'S REALLY", "clue_in": 23}}, {"model": "puzzles.clueline", "pk": 110, "fields": {"text": "FUN, YOU", "clue_in": 23}}, {"model": "puzzles.clueline", "pk": 111, "fields": {"text": "SHOULD TRYOS.", "clue_in": 23}}, {"model": "puzzles.clueline", "pk": 112, "fields": {"text": "ANYWAY, THE", "clue_in": 24}}, {"model": "puzzles.clueline", "pk": 113, "fields": {"text": "BAGS ARE TOO", "clue_in": 24}}, {"model": "puzzles.clueline", "pk": 114, "fields": {"text": "BIG, THIN,", "clue_in": 24}}, {"model": "puzzles.clueline", "pk": 115, "fields": {"text": "AND FLOPPY", "clue_in": 24}}, {"model": "puzzles.clueline", "pk": 116, "fields": {"text": "TO REALLY", "clue_in": 24}}, {"model": "puzzles.clueline", "pk": 117, "fields": {"text": "PROTECT THE", "clue_in": 24}}, {"model": "puzzles.clueline", "pk": 118, "fields": {"text": "DEVICES.", "clue_in": 24}}, {"model": "puzzles.clueline", "pk": 119, "fields": {"text": "I THINK THEY", "clue_in": 24}}, {"model": "puzzles.clueline", "pk": 120, "fields": {"text": "ARE MOSTLY", "clue_in": 24}}, {"model": "puzzles.clueline", "pk": 121, "fields": {"text": "THERE TO", "clue_in": 24}}, {"model": "puzzles.clueline", "pk": 122, "fields": {"text": "HOLDOS.", "clue_in": 24}}, {"model": "puzzles.clueline", "pk": 123, "fields": {"text": "MOST KIDS", "clue_in": 25}}, {"model": "puzzles.clueline", "pk": 124, "fields": {"text": "MAKE OR EVEN", "clue_in": 25}}, {"model": "puzzles.clueline", "pk": 125, "fields": {"text": "BUY CASES TO", "clue_in": 25}}, {"model": "puzzles.clueline", "pk": 126, "fields": {"text": "PROTECTOS AND", "clue_in": 25}}, {"model": "puzzles.clueline", "pk": 127, "fields": {"text": "GIVE A LITTLE", "clue_in": 25}}, {"model": "puzzles.clueline", "pk": 128, "fields": {"text": "BIT OF", "clue_in": 25}}, {"model": "puzzles.clueline", "pk": 129, "fields": {"text": "INDIVIDUAL", "clue_in": 25}}, {"model": "puzzles.clueline", "pk": 130, "fields": {"text": "FLAIR.", "clue_in": 25}}, {"model": "puzzles.clueline", "pk": 131, "fields": {"text": "SOME KIDS", "clue_in": 26}}, {"model": "puzzles.clueline", "pk": 132, "fields": {"text": "WERE READY", "clue_in": 26}}, {"model": "puzzles.clueline", "pk": 133, "fields": {"text": "AND PUTTOS ON", "clue_in": 26}}, {"model": "puzzles.clueline", "pk": 134, "fields": {"text": "THERE DEVICES", "clue_in": 26}}, {"model": "puzzles.clueline", "pk": 135, "fields": {"text": "RIGHT THERE", "clue_in": 26}}, {"model": "puzzles.clueline", "pk": 136, "fields": {"text": "IN CLASS", "clue_in": 26}}, {"model": "puzzles.clueline", "pk": 137, "fields": {"text": "I PREFER TO", "clue_in": 27}}, {"model": "puzzles.clueline", "pk": 138, "fields": {"text": "DO SUCH A", "clue_in": 27}}, {"model": "puzzles.clueline", "pk": 139, "fields": {"text": "WORK OF", "clue_in": 27}}, {"model": "puzzles.clueline", "pk": 140, "fields": {"text": "INDIVIDUAL", "clue_in": 27}}, {"model": "puzzles.clueline", "pk": 141, "fields": {"text": "CREATIVITY AT", "clue_in": 27}}, {"model": "puzzles.clueline", "pk": 142, "fields": {"text": "HOME AFTER", "clue_in": 27}}, {"model": "puzzles.clueline", "pk": 143, "fields": {"text": "SOME QUIET", "clue_in": 27}}, {"model": "puzzles.clueline", "pk": 144, "fields": {"text": "CONTEM-", "clue_in": 27}}, {"model": "puzzles.clueline", "pk": 145, "fields": {"text": "PLATION.", "clue_in": 27}}, {"model": "puzzles.clueline", "pk": 146, "fields": {"text": "AND LIKE", "clue_in": 28}}, {"model": "puzzles.clueline", "pk": 147, "fields": {"text": "THAT, IT'S", "clue_in": 28}}, {"model": "puzzles.clueline", "pk": 148, "fields": {"text": "OVER. ALL THE", "clue_in": 28}}, {"model": "puzzles.clueline", "pk": 149, "fields": {"text": "KIDS IN CLASS", "clue_in": 28}}, {"model": "puzzles.clueline", "pk": 150, "fields": {"text": "HAVE THEIR", "clue_in": 28}}, {"model": "puzzles.clueline", "pk": 151, "fields": {"text": "OWN", "clue_in": 28}}, {"model": "puzzles.clueline", "pk": 152, "fields": {"text": "INTERACTIVE", "clue_in": 28}}, {"model": "puzzles.clueline", "pk": 153, "fields": {"text": "DATA", "clue_in": 28}}, {"model": "puzzles.clueline", "pk": 154, "fields": {"text": "EXPLORERS,", "clue_in": 28}}, {"model": "puzzles.clueline", "pk": 155, "fields": {"text": "OR, MAGNETIC", "clue_in": 28}}, {"model": "puzzles.clueline", "pk": 156, "fields": {"text": "INTERACTIVE", "clue_in": 28}}, {"model": "puzzles.clueline", "pk": 157, "fields": {"text": "EXPLORERS OR", "clue_in": 28}}, {"model": "puzzles.clueline", "pk": 158, "fields": {"text": "AS I PREFER", "clue_in": 28}}, {"model": "puzzles.clueline", "pk": 159, "fields": {"text": "TO CALLOS:", "clue_in": 28}}, {"model": "puzzles.clueline", "pk": 160, "fields": {"text": "MAGIES.", "clue_in": 28}}, {"model": "puzzles.winmessageline", "pk": 3, "fields": {"text": "YOU", "win_message_in": 1}}, {"model": "puzzles.winmessageline", "pk": 4, "fields": {"text": "WIN!", "win_message_in": 1}}, {"model": "puzzles.winmessageline", "pk": 5, "fields": {"text": "KEEP UP THE", "win_message_in": 2}}, {"model": "puzzles.winmessageline", "pk": 6, "fields": {"text": "GOOD WORK!", "win_message_in": 2}}, {"model": "puzzles.winmessageline", "pk": 7, "fields": {"text": "YOU DID IT", "win_message_in": 3}}, {"model": "puzzles.winmessageline", "pk": 8, "fields": {"text": "THEY DO!", "win_message_in": 4}}, {"model": "puzzles.winmessageline", "pk": 9, "fields": {"text": "LET US", "win_message_in": 4}}, {"model": "puzzles.winmessageline", "pk": 10, "fields": {"text": "CONVINCE", "win_message_in": 4}}, {"model": "puzzles.winmessageline", "pk": 11, "fields": {"text": "THE WHOLE", "win_message_in": 4}}, {"model": "puzzles.winmessageline", "pk": 12, "fields": {"text": "COUNTRY.", "win_message_in": 4}}, {"model": "puzzles.winmessageline", "pk": 13, "fields": {"text": "CORRECT!", "win_message_in": 5}}, {"model": "puzzles.winmessageline", "pk": 14, "fields": {"text": "YOUR NAME", "win_message_in": 5}}, {"model": "puzzles.winmessageline", "pk": 15, "fields": {"text": "IS CHARLIE.", "win_message_in": 5}}, {"model": "puzzles.winmessageline", "pk": 16, "fields": {"text": "...........", "win_message_in": 5}}, {"model": "puzzles.winmessageline", "pk": 17, "fields": {"text": "GOOD JOB!", "win_message_in": 5}}, {"model": "puzzles.levelnameline", "pk": 1, "fields": {"text": "TEST LEVEL 1", "level_name_of": 1}}, {"model": "puzzles.levelnameline", "pk": 2, "fields": {"text": "LEVEL FOR", "level_name_of": 1}}, {"model": "puzzles.levelnameline", "pk": 3, "fields": {"text": "YOU!", "level_name_of": 1}}, {"model": "puzzles.levelnameline", "pk": 4, "fields": {"text": "NOT BLANK", "level_name_of": 2}}, {"model": "puzzles.levelnameline", "pk": 5, "fields": {"text": "ANY MORE", "level_name_of": 2}}, {"model": "puzzles.levelnameline", "pk": 6, "fields": {"text": "REAL LEVEL", "level_name_of": 3}}, {"model": "puzzles.levelnameline", "pk": 7, "fields": {"text": "NO REALLY", "level_name_of": 3}}, {"model": "puzzles.levelnameline", "pk": 8, "fields": {"text": "LEVEL FOR", "level_name_of": 4}}, {"model": "puzzles.levelnameline", "pk": 9, "fields": {"text": "CHARLIE", "level_name_of": 4}}, {"model": "puzzles.levelnameline", "pk": 10, "fields": {"text": "IN CLASS", "level_name_of": 5}}, {"model": "puzzles.levelnameline", "pk": 11, "fields": {"text": "TODAY", "level_name_of": 5}}]